country_code,country_name,year,mean_ppp_income,median_ppp_income,mmr
AR,Argentina,1995,37986.36349626401,20176.417023661274,1.8827110607258302
AR,Argentina,1996,39429.18586550436,20942.770554171853,1.8827110655447623
AR,Argentina,1997,42161.554202988795,22394.064915940224,1.8827110826573499
AR,Argentina,1998,43031.31109900374,22856.035566625156,1.882711066561295
AR,Argentina,1999,40685.848007471985,21610.244810087173,1.882711110634006
AR,Argentina,2000,39721.982985678704,21098.288900996264,1.8827111133075358
AR,Argentina,2001,37185.34313511831,18492.47199875467,2.0108367955145456
AR,Argentina,2002,30738.485952677464,14655.420656911581,2.097414101735866
AR,Argentina,2003,33602.7924252802,18571.52885429639,1.8093713602639898
AR,Argentina,2004,36196.52107721046,20386.46733188045,1.775517086307846
AR,Argentina,2005,39783.81864881694,21921.486687422166,1.8148321423675884
AR,Argentina,2006,42536.324299501866,24283.955737858036,1.751622542829333
AR,Argentina,2007,46232.264539227894,26807.040065379824,1.7246314560082647
AR,Argentina,2008,47328.14641967621,25997.28139165629,1.8205036790833815
AR,Argentina,2009,42890.127973225404,25094.63313200498,1.7091354851697178
AR,Argentina,2010,46804.429716687424,27370.909122042343,1.7100063979604856
AR,Argentina,2011,49397.683514943965,30616.92424968867,1.6134110373757178
AR,Argentina,2012,48216.822089041096,30825.946964508097,1.5641635322527556
AR,Argentina,2013,48917.95568181818,30023.93083437111,1.6292988400378732
AR,Argentina,2014,46878.32096824409,28682.389645080948,1.6343938405523946
AR,Argentina,2015,47762.604031755924,28945.866435242842,1.6500664831923253
AR,Argentina,2016,45910.93432440847,27555.50660336239,1.6661255764684908
AR,Argentina,2017,46730.85252179328,28470.721316936488,1.6413652468297075
AR,Argentina,2018,44330.92363013699,27137.77523038605,1.6335504017477396
AR,Argentina,2019,42730.80074719801,25151.937166874224,1.6989069455642414
AR,Argentina,2020,38004.737904732254,22511.010404732253,1.6882733036604576
AR,Argentina,2021,42631.868711083436,26428.267630759652,1.6131162778700083
AR,Argentina,2022,44630.94405354919,27568.5705230386,1.618906719020917
AR,Argentina,2023,43246.908904109594,26713.65050124533,1.6189067421576666
AU,Australia,1995,64058.46845637585,52997.51342281879,1.2087070565992746
AU,Australia,1996,66238.09060402685,54728.411073825504,1.2103053844314142
AU,Australia,1997,68656.38255033558,57868.39932885906,1.1864226995491913
AU,Australia,1998,71158.62416107382,59158.87718120806,1.2028393294739121
AU,Australia,1999,73557.41812080538,60658.95838926176,1.212638991404557
AU,Australia,2000,74930.67214765101,62196.86208053692,1.2047339631157832
AU,Australia,2001,75820.9899328859,62478.319127516785,1.2135568144548998
AU,Australia,2002,77847.06543624161,63849.40671140939,1.2192292684581976
AU,Australia,2003,79570.92214765101,64057.11442953021,1.2421871146754149
AU,Australia,2004,81188.98422818794,64498.43691275168,1.2587744465499824
AU,Australia,2005,82002.66409395974,65024.34093959733,1.2611071932299012
AU,Australia,2006,82988.48590604027,65222.20939597316,1.2723961159028754
AU,Australia,2007,84435.21845637583,65701.26409395973,1.2851384158396797
AU,Australia,2008,85157.09530201342,65987.86644295302,1.2904962668497904
AU,Australia,2009,84386.92483221476,64128.155704697994,1.3159106776874392
AU,Australia,2010,84904.43389261745,64983.44932885907,1.306554742315156
AU,Australia,2011,86590.82919463086,66317.79765100671,1.3056951868382258
AU,Australia,2012,87664.75302013423,67083.18389261745,1.30680668288587
AU,Australia,2013,88347.36308724832,68238.52986577182,1.2946844438329994
AU,Australia,2014,88668.89932885907,67846.6744966443,1.306901185455223
AU,Australia,2015,88884.09932885904,67849.20201342282,1.3100242403923161
AU,Australia,2016,89936.99060402685,70147.70771812082,1.2821087606372916
AU,Australia,2017,90137.92818791946,69672.5345637584,1.2937368900428456
AU,Australia,2018,90811.24060402685,71422.20805369127,1.2714706402770408
AU,Australia,2019,89879.76040268457,72085.95201342282,1.2468415536212718
AU,Australia,2020,91237.39798657718,73174.7701342282,1.2468422903032808
AU,Australia,2021,93382.08624161074,74894.92583892618,1.2468412939274982
AU,Australia,2022,92956.01912751677,74553.16946308725,1.2468419491345857
AU,Australia,2023,93530.9389261745,75014.26073825503,1.2468421071631852
BR,Brazil,1995,44570.978273809524,17785.143154761907,2.5060792531139007
BR,Brazil,1996,44344.48988095238,17694.755952380954,2.5060808976563202
BR,Brazil,1997,44625.09851190477,17806.75922619048,2.5060763693749184
BR,Brazil,1998,43291.06666666668,17274.443452380954,2.5060759141678646
BR,Brazil,1999,41691.557440476194,16636.128869047618,2.5060852659085553
BR,Brazil,2000,42840.171428571426,17094.469642857144,2.5060836822435157
BR,Brazil,2001,42002.748809523815,16760.30119047619,2.5060855608842694
BR,Brazil,2002,42208.50178571429,15874.3625,2.6589100372197176
BR,Brazil,2003,41508.86160714286,16592.656547619048,2.501640499097726
BR,Brazil,2004,43083.232142857145,17350.17976190476,2.4831576810203217
BR,Brazil,2005,43441.09821428572,17006.484226190478,2.55438441223408
BR,Brazil,2006,44214.3130952381,17414.86785714286,2.5388830657766497
BR,Brazil,2007,46070.65327380952,18921.748214285715,2.4347989811547475
BR,Brazil,2008,47553.51577380952,19175.616964285713,2.4798949552641356
BR,Brazil,2009,46467.34821428572,19068.337202380953,2.436885173631375
BR,Brazil,2010,48717.50119047621,19701.04761904762,2.47283810143043
BR,Brazil,2011,50172.34285714286,19989.101785714283,2.509984860500325
BR,Brazil,2012,50347.5130952381,20743.42261904762,2.4271555384021615
BR,Brazil,2013,51770.65119047619,21675.07529761905,2.3884877205553727
BR,Brazil,2014,50982.46517857143,21225.94136904762,2.4018941865596486
BR,Brazil,2015,48257.639285714286,19473.91875,2.4780651447318114
BR,Brazil,2016,45731.6011904762,20620.77142857143,2.2177444403031434
BR,Brazil,2017,45859.69642857143,20845.018154761907,2.2000314937646186
BR,Brazil,2018,45667.31339285714,20550.158928571425,2.2222365068605225
BR,Brazil,2019,45748.17351190476,21671.232440476193,2.111009313270949
BR,Brazil,2020,43403.87053571428,18782.124404761907,2.310913802951381
BR,Brazil,2021,44815.40000000001,20301.41398809524,2.207501409817059
BR,Brazil,2022,45966.73601190476,20703.232738095237,2.220268524891917
BR,Brazil,2023,46901.35089285716,21124.185714285715,2.2202678733854837
CA,Canada,1995,64794.73452380952,52196.99484126984,1.2413499037798859
CA,Canada,1996,65194.07142857143,51858.71666666666,1.2571477973051417
CA,Canada,1997,67324.9357142857,52732.005952380954,1.2767376188018096
CA,Canada,1998,69070.23333333332,54053.52182539683,1.2778118982967166
CA,Canada,1999,72017.81150793651,55438.76507936507,1.2990515103436593
CA,Canada,2000,74981.40158730159,56423.92420634922,1.3288937740857123
CA,Canada,2001,74363.98253968255,56054.2626984127,1.3266427736242141
CA,Canada,2002,76565.5126984127,58159.40119047619,1.316476977602558
CA,Canada,2003,76815.61865079367,57715.65793650793,1.330932045083802
CA,Canada,2004,78852.86666666667,58737.21746031745,1.3424685416863549
CA,Canada,2005,80596.66984126983,58767.96031746031,1.371438950848258
CA,Canada,2006,82207.04047619048,59647.01388888888,1.3782255827479757
CA,Canada,2007,82907.29444444444,60155.01825396826,1.3782274006537316
CA,Canada,2008,81582.78968253969,60369.68452380952,1.3513867154691495
CA,Canada,2009,77825.11587301586,59026.499206349195,1.318477580737917
CA,Canada,2010,79371.4388888889,59950.706349206346,1.3239450162031268
CA,Canada,2011,80621.32817460317,60412.809920634914,1.3345071729078062
CA,Canada,2012,81325.10476190476,61260.58690476191,1.3275273527551397
CA,Canada,2013,82237.99682539683,62068.12063492065,1.3249635398035273
CA,Canada,2014,83835.2376984127,62201.553174603185,1.3477997480719264
CA,Canada,2015,83329.58174603175,63497.55674603174,1.3123273715762207
CA,Canada,2016,83125.80357142857,64251.29047619047,1.2937608405271237
CA,Canada,2017,85658.99365079367,65734.84682539683,1.3030987031630092
CA,Canada,2018,86547.97460317462,66809.45912698413,1.295444922532207
CA,Canada,2019,86960.65476190475,67170.90119047619,1.2946179554046902
CA,Canada,2020,81186.76190476191,61519.76626984127,1.3196857990106174
CA,Canada,2021,84797.23293650793,63996.16746031746,1.3250361123435825
CA,Canada,2022,86005.38452380954,64907.885317460314,1.3250375374758045
CA,Canada,2023,85587.04682539683,64592.13055555557,1.3250382993913412
CN,China,1995,7718.575641025642,5278.646011396011,1.4622264164640124
CN,China,1996,7842.5762108262115,5534.655840455841,1.4169943781328755
CN,China,1997,8253.969943019942,5879.106125356126,1.4039498126120251
CN,China,1998,8061.378205128206,5734.33660968661,1.405808335616484
CN,China,1999,8385.289458689458,5853.968803418803,1.4324110257971185
CN,China,2000,8724.719943019942,5886.846581196582,1.4820702090127382
CN,China,2001,9173.972934472935,6080.587891737891,1.5087312440526082
CN,China,2002,10079.759544159544,6137.606695156695,1.642294797435241
CN,China,2003,10852.808831908833,6508.228917378917,1.6675517978368262
CN,China,2004,11904.207977207978,7091.598717948719,1.6786353050516838
CN,China,2005,12670.398148148148,7430.032905982907,1.705295024729369
CN,China,2006,14070.84586894587,8282.134472934473,1.6989395565754897
CN,China,2007,15644.150997150997,9269.157549857551,1.6877640619444878
CN,China,2008,16424.28931623932,9735.692450142451,1.687018093510031
CN,China,2009,17279.456410256415,10383.285042735044,1.6641608449675056
CN,China,2010,18530.229772079772,11116.5207977208,1.6669091084576564
CN,China,2011,19692.7925925926,11898.383475783476,1.6550813505610167
CN,China,2012,21016.103988603987,13271.433048433048,1.583559507997921
CN,China,2013,22233.424786324787,13024.121652421652,1.7070959086281872
CN,China,2014,23833.285042735042,14466.145584045586,1.6475214426861764
CN,China,2015,25168.130484330486,15250.997150997153,1.6502613065326632
CN,China,2016,26572.754985754986,17944.369230769233,1.4808408500751673
CN,China,2017,28162.384045584047,18676.68532763533,1.5078898397411566
CN,China,2018,29695.95227920228,19796.215811965812,1.5000822662911453
CN,China,2019,31203.118660968667,20863.095868945868,1.4956130603518738
CN,China,2020,31159.70313390314,20528.37863247863,1.5178842757997622
CN,China,2021,33724.054843304846,22159.35398860399,1.5218879964031575
CN,China,2022,34229.48361823362,22224.87962962963,1.5401425874360986
CN,China,2023,35756.882478632484,23216.577635327638,1.5401444192283889
DE,Germany,1995,65779.2425,55277.14624999999,1.1899898414166055
DE,Germany,1996,66224.4375,54184.165625,1.2222101556076144
DE,Germany,1997,67103.226875,53100.26375,1.2637079768742203
DE,Germany,1998,68455.28812499999,53640.95375,1.2761758197671866
DE,Germany,1999,69988.588125,55795.13937499999,1.2543850397900365
DE,Germany,2000,71731.87625,56456.206874999996,1.2705755526371432
DE,Germany,2001,72520.04625000001,56622.4825,1.2807641602432394
DE,Germany,2002,71555.17687499999,55908.2875,1.2798670836591086
DE,Germany,2003,70892.76437499998,56181.490625,1.2618526775694638
DE,Germany,2004,72657.23624999999,56493.53062499999,1.2861160463185337
DE,Germany,2005,73168.504375,54909.120624999996,1.3325382658138318
DE,Germany,2006,76718.96812500001,56852.981875,1.349427340393129
DE,Germany,2007,78494.8725,56853.31812499999,1.380655959735156
DE,Germany,2008,78803.55,56748.744375,1.3886395349870682
DE,Germany,2009,74330.07999999999,53923.73999999999,1.378429611892647
DE,Germany,2010,77273.6125,57005.975625,1.3555353040236648
DE,Germany,2011,80847.781875,59022.466875,1.3697797831158511
DE,Germany,2012,80303.729375,58513.72062499999,1.372391441139879
DE,Germany,2013,80309.109375,57509.84624999999,1.3964410376944802
DE,Germany,2014,81330.46875,57800.02999999999,1.4071008051379905
DE,Germany,2015,82191.10062499999,58802.223125,1.3977549870908899
DE,Germany,2016,83733.479375,59935.55375,1.3970585760209147
DE,Germany,2017,85549.229375,61785.9375,1.3846068027210883
DE,Germany,2018,86465.34249999998,63221.556875,1.3676560144027612
DE,Germany,2019,87031.5875,63289.98374999999,1.3751241877985156
DE,Germany,2020,82300.38187499999,59869.985,1.3746517871183697
DE,Germany,2021,85577.138125,62253.66124999999,1.3746522920368802
DE,Germany,2022,86647.08562499999,63032.07999999999,1.3746505846705361
DE,Germany,2023,86102.360625,62635.809375,1.3746507227120828
FR,France,1995,58263.054069767444,46693.08255813953,1.2477876995424675
FR,France,1996,59046.28197674419,47006.02965116279,1.2561427207303726
FR,France,1997,60996.21918604652,48292.53779069767,1.263056819469858
FR,France,1998,63022.008139534904,49249.99011627907,1.2796349398393816
FR,France,1999,65127.402325581395,50882.44476744186,1.2799581982203507
FR,France,2000,66792.70000000001,51561.826162790705,1.2953905043844351
FR,France,2001,67668.04476744187,52297.19709302325,1.2939134127413718
FR,France,2002,67420.62732558142,52267.79476744186,1.2899076309907456
FR,France,2003,67564.98023255814,52254.97034883721,1.2929866724928993
FR,France,2004,68932.03197674418,52977.67325581395,1.3011524995424246
FR,France,2005,69738.71918604651,53659.40058139535,1.2996552035697944
FR,France,2006,70956.41337209303,54754.79360465117,1.2958940889161823
FR,France,2007,71988.62267441861,54790.60813953488,1.3138861771909094
FR,France,2008,71108.27325581395,53880.387209302324,1.3197431744428383
FR,France,2009,68376.35930232558,53712.887790697685,1.2729972659218558
FR,France,2010,69687.42151162791,54346.60174418605,1.282277442840904
FR,France,2011,70329.42441860466,54814.69302325582,1.2830396475770924
FR,France,2012,69717.13662790698,55364.10988372093,1.2592478552320474
FR,France,2013,69895.4273255814,55980.77674418605,1.248561227454574
FR,France,2014,69926.23720930233,56027.69534883721,1.2480655642522973
FR,France,2015,70471.58779069767,55346.28081395348,1.273284975147434
FR,France,2016,70853.81802325582,55453.72441860465,1.2777107176499125
FR,France,2017,72221.33895348836,56581.804069767444,1.2764057304436034
FR,France,2018,72812.98255813954,56881.301162790696,1.2800864443967865
FR,France,2019,73265.90348837212,57682.514534883725,1.27015793397953
FR,France,2020,66832.73720930233,53047.112790697676,1.2598751127699845
FR,France,2021,71841.4546511628,56614.49069767442,1.2689587730251164
FR,France,2022,73332.52790697674,58323.73546511628,1.2573359254541796
FR,France,2023,73407.1284883721,58383.00930232559,1.257337183635857
GB,United Kingdom,1995,64565.457971014504,46865.64782608696,1.3776713001089733
GB,United Kingdom,1996,66018.44782608697,47213.7884057971,1.3982874506630556
GB,United Kingdom,1997,69459.30869565219,50221.13043478261,1.3830693991616212
GB,United Kingdom,1998,72575.81014492753,51580.16521739131,1.407048811089444
GB,United Kingdom,1999,73877.1463768116,51517.98333333334,1.4340069544028784
GB,United Kingdom,2000,77033.02318840582,55934.8463768116,1.3771920042376429
GB,United Kingdom,2001,78532.99057971015,55162.54347826087,1.4236651471783457
GB,United Kingdom,2002,79833.15724637682,56488.83043478262,1.4132556229597575
GB,United Kingdom,2003,81166.07173913046,56083.57608695653,1.4472342422188629
GB,United Kingdom,2004,82021.99855072465,57181.99275362319,1.4344025907618887
GB,United Kingdom,2005,83954.31521739131,57434.22898550726,1.4617470574659588
GB,United Kingdom,2006,83703.83333333333,58110.23768115942,1.4404317840274794
GB,United Kingdom,2007,85319.00289855075,58803.205072463774,1.450924363619488
GB,United Kingdom,2008,84098.95144927535,60094.21014492754,1.3994518148496542
GB,United Kingdom,2009,78734.74057971015,54116.95217391305,1.454899757227349
GB,United Kingdom,2010,81170.1652173913,61047.79565217392,1.329616644634749
GB,United Kingdom,2011,80945.99855072465,60322.27536231885,1.3418923285723519
GB,United Kingdom,2012,79977.40362318842,57826.03333333333,1.3830691647508548
GB,United Kingdom,2013,80916.95434782609,56535.2231884058,1.4312662051084017
GB,United Kingdom,2014,82137.9804347826,60416.42536231884,1.3595306233726845
GB,United Kingdom,2015,84139.69130434786,63022.60652173914,1.3350715869760885
GB,United Kingdom,2016,84615.50942028986,63578.15,1.330889769839007
GB,United Kingdom,2017,86655.23115942032,64741.08768115942,1.3384889606147015
GB,United Kingdom,2018,87576.26376811597,65893.30434782608,1.3290616495089345
GB,United Kingdom,2019,88666.29855072463,66875.15434782609,1.3258481332179073
GB,United Kingdom,2020,76986.04565217391,57358.20724637681,1.3421975572124762
GB,United Kingdom,2021,86168.30217391306,64199.189130434796,1.3422023446253064
GB,United Kingdom,2022,90130.00942028985,67150.9768115942,1.3421995285812152
GB,United Kingdom,2023,89367.06304347828,66582.56811594203,1.3421991006393894
ID,Indonesia,1995,16968.687142857143,8973.721714285713,1.8909308404163956
ID,Indonesia,1996,17826.512857142858,9318.639607142855,1.9129952019475687
ID,Indonesia,1997,18107.101428571426,10568.1985,1.7133574306511583
ID,Indonesia,1998,14370.990000000002,9341.654285714285,1.5383774180100867
ID,Indonesia,1999,14452.312857142857,9547.845285714286,1.5136727109274333
ID,Indonesia,2000,15071.195714285714,9886.15157142857,1.5244754852679132
ID,Indonesia,2001,15415.741428571428,9933.354857142856,1.5519169153094645
ID,Indonesia,2002,15866.331428571428,10193.0965,1.5565762012133828
ID,Indonesia,2003,16353.427142857143,10481.156142857142,1.5602693939448584
ID,Indonesia,2004,16470.77142857143,10211.663857142858,1.6129370941886663
ID,Indonesia,2005,17051.058571428573,10321.303035714285,1.6520257677182477
ID,Indonesia,2006,17759.91857142857,10954.180357142857,1.6212914150028503
ID,Indonesia,2007,18599.02571428571,11123.857535714287,1.6719942389204132
ID,Indonesia,2008,19632.78714285714,10598.234107142856,1.8524583382834785
ID,Indonesia,2009,20052.05857142857,10485.162571428571,1.912422285761139
ID,Indonesia,2010,20860.792857142857,12180.257535714285,1.7126725601635253
ID,Indonesia,2011,21808.79857142857,12173.77525,1.7914573025675475
ID,Indonesia,2012,22652.312857142857,12899.821928571428,1.7560174847817807
ID,Indonesia,2013,23604.52857142857,13706.677642857141,1.722118896093644
ID,Indonesia,2014,24173.894285714287,14159.498928571427,1.7072563377885877
ID,Indonesia,2015,25089.282857142858,14319.586785714286,1.7520954502802268
ID,Indonesia,2016,26598.942857142858,15822.46603571429,1.6810870566638618
ID,Indonesia,2017,27031.714285714286,16270.670642857142,1.661376772910173
ID,Indonesia,2018,27818.62,14441.165678571433,1.9263417247043113
ID,Indonesia,2019,28393.859999999997,14739.783428571427,1.9263417361317308
ID,Indonesia,2020,27963.802857142855,14516.53275,1.926341733162339
ID,Indonesia,2021,28514.748571428572,14802.538964285715,1.9263417336868012
ID,Indonesia,2022,29600.134285714284,15365.982964285713,1.9263417351504428
ID,Indonesia,2023,30403.254285714283,15782.897571428573,1.926341734660473
IN,India,1995,7374.3989136649525,4882.334619782733,1.5104247225875553
IN,India,1996,7726.767381360778,5147.504945683248,1.5010704142869309
IN,India,1997,7914.298370497428,5206.834133790738,1.5199828085815308
IN,India,1998,8137.280760434534,5312.073270440252,1.531846483691317
IN,India,1999,8613.944453973701,5601.398227558606,1.5378203984129382
IN,India,2000,8782.688507718696,5676.738221841052,1.5471364301999357
IN,India,2001,8933.906803887936,5654.836792452832,1.579869964737352
IN,India,2002,9052.34985706118,5607.1196683819335,1.614438498273294
IN,India,2003,9449.244053744998,5723.463321898228,1.6509661235342883
IN,India,2004,9962.920240137222,5896.659948542024,1.6895870420000394
IN,India,2005,10424.03453401944,6023.908176100628,1.7304437965000794
IN,India,2006,10955.328759291024,6177.948742138366,1.773295509004024
IN,India,2007,11517.767924528302,6330.582018296171,1.8193853094771566
IN,India,2008,11777.6782161235,6301.6056889651245,1.8689963792478548
IN,India,2009,12182.793138936535,6337.1955117209845,1.9224265870295152
IN,India,2010,12843.381160663239,6486.529731275015,1.9800080617434708
IN,India,2011,13376.974728416239,6478.239794168097,2.064908856948856
IN,India,2012,13710.210205831905,6515.083104631218,2.1043799419973728
IN,India,2013,14116.017238421959,6672.837993138938,2.1154443211323506
IN,India,2014,14667.128873642083,6799.163407661522,2.157196112850395
IN,India,2015,15594.517524299601,7126.539022298457,2.1882315490738793
IN,India,2016,16575.152487135507,7322.190766152087,2.263687606140584
IN,India,2017,17359.674299599774,7553.424642652945,2.2982521334193966
IN,India,2018,18248.99691252144,8186.059119496856,2.229277439379535
IN,India,2019,18627.996226415096,8412.471297884505,2.2143310291114457
IN,India,2020,17339.556975414525,8094.4929959977135,2.1421424398029614
IN,India,2021,18032.128158947973,8315.522098341911,2.1684901976922797
IN,India,2022,19164.481275014296,8672.635363064608,2.2097644456070196
IN,India,2023,20353.37975986278,9210.635363064608,2.209769354401052
IT,Italy,1995,53927.35987654321,43365.9549382716,1.2435413898599728
IT,Italy,1996,54828.01172839506,43788.218518518515,1.2521178888610802
IT,Italy,1997,55874.45493827161,44117.66049382716,1.266487259588242
IT,Italy,1998,56489.50185185184,43916.4086419753,1.2862960246220858
IT,Italy,1999,57599.37592592592,44949.06975308642,1.281436440004876
IT,Italy,2000,59404.33271604937,45734.649382716045,1.298891180272158
IT,Italy,2001,60441.31111111111,46373.275308641976,1.3033651539348452
IT,Italy,2002,60096.42654320987,47036.974691358024,1.277642257767297
IT,Italy,2003,59532.8549382716,45419.32160493827,1.3107385322945648
IT,Italy,2004,59894.17839506172,45988.206790123455,1.3023812532721921
IT,Italy,2005,60022.86666666666,46593.788888888885,1.28821604977869
IT,Italy,2006,60873.20555555555,47546.24814814814,1.2802946168514135
IT,Italy,2007,61183.05370370371,46954.94629629629,1.3030161576082921
IT,Italy,2008,59078.87592592592,47316.93395061728,1.2485778556062845
IT,Italy,2009,55470.124691358025,44194.375308641975,1.2551399200456883
IT,Italy,2010,55939.712345679,44106.203086419744,1.2682958049250623
IT,Italy,2011,55945.85617283951,43966.22345679012,1.2724735438744912
IT,Italy,2012,53264.65679012345,41088.58765432098,1.2963370081794965
IT,Italy,2013,52115.59506172838,40560.882716049375,1.2848732959430138
IT,Italy,2014,52109.783333333326,40653.04012345678,1.2818176248340651
IT,Italy,2015,52208.25061728395,41439.94814814814,1.259853183952814
IT,Italy,2016,53589.78148148148,40937.980864197525,1.3090479879614345
IT,Italy,2017,54669.1024691358,41254.47098765432,1.3251679432635532
IT,Italy,2018,55581.37777777778,42016.637654320984,1.3228421139991386
IT,Italy,2019,55660.91543209876,42215.56481481481,1.3184927331012646
IT,Italy,2020,50060.56790123457,38096.37777777777,1.3140505953937622
IT,Italy,2021,54649.01049382716,41588.06419753086,1.3140551633819915
IT,Italy,2022,56669.33333333333,43125.68148148148,1.3140507323384003
IT,Italy,2023,57109.69629629629,43460.76913580247,1.3140516707802579
JP,Japan,1995,51159.60310185185,43979.14500462962,1.163269615552243
JP,Japan,1996,52089.780194444436,43645.96484259259,1.193461534927779
JP,Japan,1997,52225.615231481475,43804.03223148148,1.1922558853827958
JP,Japan,1998,50686.33371759259,42246.89833333333,1.1997646150889245
JP,Japan,1999,49989.06952777778,41099.74534259259,1.2162866001014605
JP,Japan,2000,50882.041180555556,40697.15197222222,1.250260490347949
JP,Japan,2001,50713.58615740741,39510.96409259259,1.2835319846552429
JP,Japan,2002,50374.872814814815,38279.94038888889,1.3159600642804707
JP,Japan,2003,51121.55454629629,38198.36115740741,1.3383180062525488
JP,Japan,2004,52209.865032407404,38170.58566203704,1.3678036144028378
JP,Japan,2005,52995.459606481476,38744.082453703704,1.3678336471074546
JP,Japan,2006,53690.575532407405,39240.681361111114,1.3682375960376836
JP,Japan,2007,54156.275555555556,39410.36307407408,1.3741633248535587
JP,Japan,2008,52812.77622685185,39327.32675925926,1.342902774707858
JP,Japan,2009,49111.99627314815,38769.6461712963,1.266764108605896
JP,Japan,2010,51536.14706018518,40863.232074074076,1.2611862656082606
JP,Japan,2011,52576.218125,41953.21384722222,1.2532107389069822
JP,Japan,2012,53472.15625,42544.03125,1.2568662319699664
JP,Japan,2013,54926.87337962963,43416.802995370366,1.2651063549171644
JP,Japan,2014,55445.806759259256,43875.98599537037,1.2636936926069238
JP,Japan,2015,56509.80761574074,44558.73414814814,1.26820944750939
JP,Japan,2016,56845.42870370371,44925.579162037044,1.265324337804846
JP,Japan,2017,58001.823587962965,45901.48251851852,1.263615473956918
JP,Japan,2018,58523.235254629624,46314.11731018518,1.2636154730678517
JP,Japan,2019,57783.78414351852,45728.93147222222,1.2636154461343352
JP,Japan,2020,54749.327152777776,43327.52239351851,1.2636154602961531
JP,Japan,2021,56854.99314814815,44993.90391666667,1.263615472297079
JP,Japan,2022,58941.64233796296,46645.23638425926,1.2636154708791059
JP,Japan,2023,60492.76358796297,47872.763087962965,1.2636154607748795
KR,South Korea,1995,32547.592675635275,36337.75488846729,0.8956963019739308
KR,South Korea,1996,34467.294457859025,30772.133444291132,1.1200814048287386
KR,South Korea,1997,35788.274060020696,39334.95740427733,0.9098338074246659
KR,South Korea,1998,32300.079889617107,34987.063266643665,0.9232006597253247
KR,South Korea,1999,35733.40696791997,37944.507941244105,0.9417280367227858
KR,South Korea,2000,38727.94886742554,32143.21595895136,1.2048560703099291
KR,South Korea,2001,39753.978026905825,40514.20475106359,0.9812355511152466
KR,South Korea,2002,42296.32031735081,42003.69149591813,1.006966740565198
KR,South Korea,2003,42739.701724732666,41766.370676670114,1.0233041806672045
KR,South Korea,2004,44237.43817408302,42338.54809014602,1.0448501464881115
KR,South Korea,2005,45324.86997815339,42489.42486087156,1.0667329606500038
KR,South Korea,2006,47587.84446360814,36591.632337587675,1.3005116586374565
KR,South Korea,2007,50496.42513510406,38086.89622628492,1.3258214803088875
KR,South Korea,2008,50948.84744164654,37753.554593538,1.3495112709298922
KR,South Korea,2009,50245.67395653673,37394.567799241115,1.3436623796881113
KR,South Korea,2010,53197.201218811075,38536.88277911923,1.3804230488418063
KR,South Korea,2011,54624.048729446935,40489.691944348626,1.3490853129859666
KR,South Korea,2012,54817.62851558009,40969.50758767391,1.3380104312523524
KR,South Korea,2013,55396.771875359314,42219.13568989307,1.312124726622977
KR,South Korea,2014,55987.897596872484,42153.12831091181,1.3282026706041503
KR,South Korea,2015,56783.83695527193,42332.55984764861,1.3413749879438492
KR,South Korea,2016,57565.746372312286,42260.46957974014,1.362165327190533
KR,South Korea,2017,58624.561549959755,43028.4829832126,1.3624594102662626
KR,South Korea,2018,59683.50663447165,42432.177225480045,1.4065624376830792
KR,South Korea,2019,61557.555432907895,46511.36086984017,1.3234950403875256
KR,South Korea,2020,59862.56778199379,45831.177652063925,1.3061538203633305
KR,South Korea,2021,62476.015522593996,57571.91045302977,1.0851822534804583
KR,South Korea,2022,64454.29911463722,59394.9070909509,1.085182253352782
KR,South Korea,2023,64967.99415890536,59868.27919914913,1.0851822539076539
MX,Mexico,1995,47566.608200734394,17305.14534883721,2.7486974100411445
MX,Mexico,1996,49667.639779681755,18069.523500611995,2.7486967090194474
MX,Mexico,1997,52652.94712362302,19155.615116279067,2.7486951895831746
MX,Mexico,1998,54257.003671970626,19739.18378212974,2.7486954005205892
MX,Mexico,1999,54426.56915544676,19800.869400244796,2.748695931238953
MX,Mexico,2000,57051.49222766218,20755.835862913096,2.7486964439530386
MX,Mexico,2001,55531.75746634026,20202.937148102814,2.748697234429354
MX,Mexico,2002,53233.8159118727,19366.929926560588,2.7486966759179365
MX,Mexico,2003,52797.60458996328,18178.539290085682,2.9043920277334023
MX,Mexico,2004,53365.188004895965,17331.93011015912,3.079010108263472
MX,Mexico,2005,53013.36432068544,17239.162974296207,3.0751704360431527
MX,Mexico,2006,54617.651346389226,17782.97429620563,3.071345121273838
MX,Mexico,2007,54354.41328029376,16803.741860465114,3.2346612874466802
MX,Mexico,2008,53538.128335373316,15671.274908200736,3.4163224529586267
MX,Mexico,2009,48765.55140758873,14813.471113831092,3.2919733013862733
MX,Mexico,2010,50571.42380660955,15920.88188494492,3.1764210156241925
MX,Mexico,2011,51030.5511627907,15558.68671970624,3.279875228682167
MX,Mexico,2012,51263.810709914316,15120.137698898408,3.3904327943818386
MX,Mexico,2013,50269.15275397798,14890.285924112608,3.3759696093259395
MX,Mexico,2014,50934.57380660955,15150.544247246022,3.3618973005453676
MX,Mexico,2015,50837.52637698899,15358.336046511626,3.3100933735940643
MX,Mexico,2016,50424.42864137086,15467.664626682985,3.25998978245136
MX,Mexico,2017,50306.88518971848,15242.093145654835,3.300523406397093
MX,Mexico,2018,50005.7335985312,14960.400428396571,3.342539782799833
MX,Mexico,2019,48198.18200734393,15353.002141982864,3.1393327221355456
MX,Mexico,2020,42489.35667074664,14355.578457772337,2.959780185502886
MX,Mexico,2021,44923.01646266829,16113.923133414934,2.7878385723159402
MX,Mexico,2022,46856.34283965728,17783.501101591188,2.6348210384435933
MX,Mexico,2023,48104.756364749075,18257.313157894736,2.6348212329341494
RU,Russia,1995,43226.27668587896,25707.709827089337,1.6814518670321053
RU,Russia,1996,47682.60665706052,25070.412391930833,1.9019474395406295
RU,Russia,1997,48651.18495677234,27310.42268011527,1.7814145729862794
RU,Russia,1998,45222.14040345821,26432.436138328525,1.7108578326567316
RU,Russia,1999,50741.84210374639,27903.80412103746,1.8184560744350515
RU,Russia,2000,57930.27406340057,30250.49965417867,1.9150187509513859
RU,Russia,2001,61421.645994236314,31801.761412103744,1.9313913213265994
RU,Russia,2002,63824.668731988466,34691.29429394812,1.8397892044956836
RU,Russia,2003,67456.03694524495,36391.42080691642,1.8536247129000387
RU,Russia,2004,73330.89616714697,40067.35619596541,1.830190537366452
RU,Russia,2005,77860.83291066282,44074.47942363112,1.766574079350707
RU,Russia,2006,84004.67662824207,45656.718818443806,1.8399192671354858
RU,Russia,2007,91564.08827089336,49726.91363112392,1.8413386551620547
RU,Russia,2008,96255.9366570605,50601.876829971174,1.902220682060724
RU,Russia,2009,86558.08354466858,47793.594351585,1.8110812697601182
RU,Russia,2010,90428.24933717579,55935.61193083574,1.6166489686211016
RU,Russia,2011,90389.56605187319,53203.161095100855,1.6989510433468697
RU,Russia,2012,93660.20293948127,57575.10103746397,1.6267483903942577
RU,Russia,2013,94736.52853025937,56570.04106628242,1.6746766794681613
RU,Russia,2014,92419.12841498558,57752.74956772334,1.6002550373226987
RU,Russia,2015,90770.79409221902,56201.86766570606,1.6150850116250968
RU,Russia,2016,86909.66731988471,53600.79270893372,1.6214250373464973
RU,Russia,2017,88724.79714697406,56108.82622478386,1.581298400211113
RU,Russia,2018,92655.6080979827,57783.24657060519,1.6035029804835743
RU,Russia,2019,93660.87737752161,57777.97510086455,1.621048110703349
RU,Russia,2020,91663.95161383283,51546.2916426513,1.7782841149718462
RU,Russia,2021,97615.54948126801,54893.10902017291,1.7782842186146688
RU,Russia,2022,95935.3615273775,53948.298847262246,1.7782833486369702
RU,Russia,2023,99429.61726224785,55913.254697406344,1.778283482160807
SA,Saudi Arabia,1995,179516.50611702132,78491.40984042553,2.287084745731815
SA,Saudi Arabia,1996,175692.05585106384,76819.24574468085,2.287083844001803
SA,Saudi Arabia,1997,169898.11063829786,74285.85239361702,2.2870856988765773
SA,Saudi Arabia,1998,163563.16063829788,71516.01090425532,2.287084508352599
SA,Saudi Arabia,1999,151337.61143617023,66170.49441489362,2.2870860007070952
SA,Saudi Arabia,2000,151529.05930851065,66254.19920212767,2.2870861188168203
SA,Saudi Arabia,2001,139803.87872340425,61127.53138297874,2.2870853044514297
SA,Saudi Arabia,2002,129216.72553191491,56498.4420212766,2.287084756837251
SA,Saudi Arabia,2003,134568.8954787234,58838.598936170216,2.287085313243226
SA,Saudi Arabia,2004,139492.3109042553,60991.31436170213,2.287084847475361
SA,Saudi Arabia,2005,139678.82234042554,61072.87287234043,2.2870845233102717
SA,Saudi Arabia,2006,135676.875,59323.08510638298,2.2870839363241675
SA,Saudi Arabia,2007,129184.10212765959,56484.205053191494,2.2870836547315516
SA,Saudi Arabia,2008,129011.82765957447,56408.87074468086,2.287084034061075
SA,Saudi Arabia,2009,117323.20531914894,51298.15691489362,2.287084222417472
SA,Saudi Arabia,2010,115981.56781914893,50711.50797872341,2.2870857610428446
SA,Saudi Arabia,2011,122599.82632978723,53605.26117021277,2.2870857011683245
SA,Saudi Arabia,2012,121906.79361702129,53302.27845744681,2.2870841011861063
SA,Saudi Arabia,2013,117741.08537234043,51480.80505319149,2.287087104614756
SA,Saudi Arabia,2014,116367.89760638299,50880.41994680851,2.2870860289289374
SA,Saudi Arabia,2015,112019.54122340426,48979.17659574469,2.287085022844923
SA,Saudi Arabia,2016,111996.64760638299,48969.16063829788,2.2870853032100467
SA,Saudi Arabia,2017,112046.36968085106,48990.90957446808,2.2870849031805838
SA,Saudi Arabia,2018,118913.38164893616,51993.40744680852,2.2870857573739447
SA,Saudi Arabia,2019,117808.90771276595,51510.49521276596,2.2870855196819986
SA,Saudi Arabia,2020,108968.17978723404,47644.9795212766,2.2870862970687735
SA,Saudi Arabia,2021,112718.5835106383,49284.80638297873,2.287085854304328
SA,Saudi Arabia,2022,118592.94255319149,51853.32712765958,2.2870845348307784
SA,Saudi Arabia,2023,112722.7329787234,49286.66648936171,2.2870837288834305
TR,Turkey,1995,23498.667752293575,10774.11633027523,2.1810297041496014
TR,Turkey,1996,24598.74201834862,11276.67743119266,2.1813820753891133
TR,Turkey,1997,24822.08605504587,11377.206926605504,2.181738120364114
TR,Turkey,1998,23448.9397706422,10746.056422018348,2.1820972131316956
TR,Turkey,1999,21789.71568807339,9984.03371559633,2.182456140350877
TR,Turkey,2000,22914.25908256881,10497.564587155965,2.182816680223619
TR,Turkey,2001,20202.27018348624,9253.6,2.1831795391508426
TR,Turkey,2002,21638.34766055046,9909.725550458716,2.183546612907845
TR,Turkey,2003,22713.854082568803,10605.42371559633,2.141720565974731
TR,Turkey,2004,24559.83573394495,12030.27229357798,2.041502896576624
TR,Turkey,2005,26415.861697247707,13954.584770642201,1.892988013002126
TR,Turkey,2006,27614.404770642202,14833.425045871558,1.861633755201254
TR,Turkey,2007,28412.483348623853,15580.504678899082,1.8235919781920362
TR,Turkey,2008,27975.90128440367,15093.935504587156,1.8534530822595334
TR,Turkey,2009,25582.097431192662,13123.547522935778,1.9493279074490575
TR,Turkey,2010,27806.92486238532,14600.57963302752,1.904508284005666
TR,Turkey,2011,30591.309311926605,15766.262752293578,1.9403018833665175
TR,Turkey,2012,31389.73339449541,16186.248256880732,1.939284069806091
TR,Turkey,2013,33474.076192660556,17673.7195412844,1.8940029072243554
TR,Turkey,2014,33995.13412844036,17784.034220183483,1.9115535714533518
TR,Turkey,2015,34814.930137614676,17917.49770642202,1.9430687648496952
TR,Turkey,2016,34920.8026146789,17789.007018348624,1.963055193505716
TR,Turkey,2017,36473.278119266055,18250.625825688072,1.9984672562805645
TR,Turkey,2018,36300.36541284404,18158.055275229355,1.9991328841455753
TR,Turkey,2019,35966.23779816513,18797.9297706422,1.9133084460362042
TR,Turkey,2020,36322.18155963303,18297.799541284403,1.9850573549940318
TR,Turkey,2021,40561.60922018349,20942.90862385321,1.9367705770336645
TR,Turkey,2022,42720.28486238532,20886.677752293577,2.0453365235500023
TR,Turkey,2023,44353.090183486245,20342.45866972477,2.1803210174144763
US,United States,1995,84168.21700000002,57112.466,1.473727592151248
US,United States,1996,86681.215,57374.0685,1.5108082321197074
US,United States,1997,89577.53800000002,58766.9505,1.524284265864706
US,United States,1998,92583.88200000001,60399.7805,1.5328512990208634
US,United States,1999,95972.74399999999,62116.403999999995,1.5450466836425367
US,United States,2000,98602.219,63218.766,1.5596985711489526
US,United States,2001,97935.09899999999,63815.542499999996,1.534659037020644
US,United States,2002,98301.20800000001,64212.8555,1.5308649215887933
US,United States,2003,100019.311,64802.7725,1.5434418488807713
US,United States,2004,102832.91649999999,65517.5055,1.5695487139692763
US,United States,2005,104946.58399999999,64996.9905,1.6146375884895776
US,United States,2006,106049.215,64705.1255,1.6389615842720218
US,United States,2007,107243.17150000001,65638.15200000002,1.633854217894495
US,United States,2008,105844.64050000001,65142.51950000002,1.6248164994600798
US,United States,2009,100782.73300000001,63195.4975,1.5947771120877718
US,United States,2010,103077.4375,62405.31,1.6517414543730333
US,United States,2011,103598.2215,62338.463500000005,1.6618667782852876
US,United States,2012,104558.55149999999,61157.5535,1.7096588322487423
US,United States,2013,105400.387,61675.10950000001,1.7089614895616843
US,United States,2014,106545.52,61031.258,1.7457532990717641
US,United States,2015,108434.16900000001,62315.46399999999,1.7400844355423561
US,United States,2016,109250.9875,62975.59,1.7348148306351716
US,United States,2017,111073.866,65043.2585,1.7076922122528653
US,United States,2018,113069.577,65690.338,1.7212512592034463
US,United States,2019,114331.32150000002,66740.245,1.7130791398802931
US,United States,2020,109300.08,64101.086,1.705120565352044
US,United States,2021,115198.84650000001,65662.63100000001,1.7544049750306228
US,United States,2022,116702.0185,65446.7585,1.783159642658238
US,United States,2023,118473.3835,66512.8055,1.7812116420198212
ZA,South Africa,1995,34746.06792635658,16166.847868217052,2.1492172258678233
ZA,South Africa,1996,36189.98798449612,16419.400290697675,2.2040992572060847
ZA,South Africa,1997,36793.126647286816,16266.810562015502,2.2618525313869546
ZA,South Africa,1998,36108.79273255813,15545.93226744186,2.3227164580011364
ZA,South Africa,1999,36020.87248062016,15090.769670542633,2.386947337148306
ZA,South Africa,2000,37005.72005813953,15074.687015503876,2.454825099856483
ZA,South Africa,2001,37128.829263565895,14698.790794573642,2.525978482343783
ZA,South Africa,2002,38178.320251937985,14676.165600775197,2.6013824925715885
ZA,South Africa,2003,38438.69244186046,14303.501550387597,2.6873624130742204
ZA,South Africa,2004,39620.780620155034,14712.240794573641,2.693048677857997
ZA,South Africa,2005,40963.61715116279,14483.356201550387,2.828323530893882
ZA,South Africa,2006,41906.08158914728,14136.73197674419,2.9643401076065823
ZA,South Africa,2007,42440.849418604645,13168.983624031007,3.2227885332895236
ZA,South Africa,2008,42580.171608527125,14005.829069767442,3.040175015446918
ZA,South Africa,2009,41001.69941860465,13797.171608527131,2.9717467160634703
ZA,South Africa,2010,41825.48585271318,12942.132170542638,3.2317306995142148
ZA,South Africa,2011,42406.15571705426,12572.30930232558,3.3729806272909717
ZA,South Africa,2012,42261.177228682165,10949.94215116279,3.859488629736221
ZA,South Africa,2013,42026.688468992244,10860.95319767442,3.8695211832780134
ZA,South Africa,2014,41571.1609496124,10715.349127906975,3.879589965141199
ZA,South Africa,2015,41138.75387596899,10603.891375968995,3.8795902765657755
ZA,South Africa,2016,40446.91298449612,10425.548546511627,3.8795956686643214
ZA,South Africa,2017,40378.7246124031,10407.980135658914,3.8795927822787664
ZA,South Africa,2018,39914.021899224805,10288.181298449614,3.879599390928276
ZA,South Africa,2019,39239.14990310077,10114.243604651161,3.8795931200486566
ZA,South Africa,2020,36184.175290697676,9326.793023255814,3.8795945402106113
ZA,South Africa,2021,37723.548643410846,9723.568023255813,3.8795993973804275
ZA,South Africa,2022,37706.60581395349,9719.215019379844,3.8795937468990616
ZA,South Africa,2023,37309.361627906976,9616.82819767442,3.879591156357485
